Smiles,Corrected
CC(C)(C)c1cc(C(=O)/C(C#N)=N/Nc2cccc(Cl)c2)no1,99
COc1cc(CCCN2CCOCC2)ccc1-c1ccc(C(=O)NS(=O)(=O)c2ccc(N[C@H](CCN(C)C)CSc3ccccc3)c([N+](=O)[O-])c2)cc1,94000
CNC(C)[C@H]1CCC(N)[C@@H](O[C@@H]2C(NC(=O)OCC3c4ccccc4-c4ccc(S(=O)(=O)O)cc43)C[C@@H](NC(=O)OCC3c4ccccc4-c4ccc(S(=O)(=O)O)cc43)C(O[C@H]3OC[C@](C)(O)C(NC)[C@@H]3O)[C@@H]2O)O1,9200
CNC(C)[C@H]1CCC(NC(=O)OCC2c3ccccc3-c3ccc(S(=O)(=O)O)cc32)[C@@H](O[C@@H]2C(NC(=O)OCC3c4ccccc4-c4ccc(S(=O)(=O)O)cc43)C[C@@H](NC(=O)OCC3c4ccccc4-c4ccc(S(=O)(=O)O)cc43)C(O[C@H]3OC[C@](C)(O)C(NC)[C@@H]3O)[C@@H]2O)O1,9200
Cc1cc2c(C(C)C)c(O)c(O)c(C(=O)O)c2c(O)c1-c1c(C)cc2c(C(C)C)c(O)c(O)c(C(=O)O)c2c1O,90
CNCCCN1c2ccccc2CCc2ccccc21,851138.04
NS(=O)(=O)c1nnc(NC(=O)CCC(=O)NC(CCCCNC(=O)CCCc2ccc(I)cc2)C(=O)O)s1,820
COc1ccc(NC(=O)c2cccc(S(=O)(=O)N3CCOCC3)c2)c(C(=O)O)c1,8100
Cc1n[nH]c(C)c1CCCOc1cc(C(=O)O)ccc1F,8000
CN(C)C1=NN(c2ccccc2)CN(c2ccccc2Cl)C1=O,7960
Cc1ccc(NC(=O)c2ccc(CN3CCN(C)CC3)cc2)cc1Nc1nccc(-c2cccnc2)n1,78640
CCCCCCCCN(CCC(=O)Nc1ccccc1)CCC(=O)Nc1ccc(F)cc1,7800
CNC(C)[C@H]1CCC(NC(=O)OCC2c3ccccc3-c3ccc(S(=O)(=O)O)cc32)[C@@H](O[C@@H]2C(NC(=O)OCC3c4ccccc4-c4ccc(S(=O)(=O)O)cc43)C[C@@H](NC(=O)OCC3c4ccccc4-c4ccc(S(=O)(=O)O)cc43)C(O[C@H]3OC[C@](C)(O)C(NC)[C@@H]3O)[C@@H]2O)O1,7600
Cc1ccc(NC(=O)c2cccc(S(=O)(=O)N3CCOCC3)c2)c(C(=O)O)c1,7500
Cc1cc(C)c(S(=O)(=O)N[C@@H](Cc2ccc(-c3cccc(NC(=O)NC4CC4)c3)cc2)C(=O)O)c(C)c1,740
COc1ccc2c(c1)c(CC(=O)O)c(C)n2C(=O)c1ccc(Cl)cc1,700
COCCOCCCSc1ccc(C(=O)Nc2ccc(C#N)cc2C(=O)O)cn1,700
O=C1Nc2ccc(Cl)cc2C(c2ccccc2)=NC1O,69183.1
CC(C)c1csc(COc2ccn3c(=O)c(-c4nnn[nH]4)cnc3c2)n1,66400
CC(C)NCC(O)COc1cccc2ccccc12,660693.45
O=C(Nc1ccc(F)cc1C(=O)O)c1cccc(S(=O)(=O)N2CCOCC2)c1,6600
Cc1ccc2c(C=O)c(O)c(O)c(C(C)C)c2c1,660
O=C(Nc1ccc(Cl)cc1C(=O)O)c1cccc(S(=O)(=O)N2CCOCC2)c1,6500
COc1ccc(CCN(C)CCCC(C#N)(c2ccc(OC)c(OC)c2)C(C)C)cc1OC,645654.23
CC(C)NCC(O)COc1cccc2ccccc12,630957.34
CC(C)NCC(O)COc1cccc2ccccc12,602559.59
CCCCNC(=O)NS(=O)(=O)c1ccc(C)cc1,6025.6
O=C(Nc1ccccc1C(=O)O)c1cccc(S(=O)(=O)N2CCOCC2)c1,6000
CS(=O)(=O)c1ccc(C(=O)Nc2ccc(Cl)c(-c3ccccn3)c2)c(Cl)c1,6000
C=C(C)[C@@H]1CC[C@]2(C(=O)O)CC[C@]3(C)[C@H](CC[C@@H]4[C@@]5(C)CC[C@H](O)C(C)(C)[C@@H]5CC[C@]43C)[C@@H]12,593
CS(=O)(=O)c1ccc(C(=O)Nc2ccc(Cl)c(-c3ccccn3)c2)c(Cl)c1,5500
CN(C)CCCN1c2ccccc2Sc2ccc(Cl)cc21,54954.09
CC(=O)CC(c1ccccc1)c1c(O)c2ccccc2oc1=O,5400
N#Cc1ccc(NC(=O)c2ccc(S(=O)(=O)N3CCOCC3)cc2)c(C(=O)O)c1,5300
Cc1ccc2c(C(=O)O)c(O)c(O)c(C(C)C)c2c1,5280
CC(=O)CC(c1ccccc1)c1c(O)c2ccccc2oc1=O,510000
O=C(Nc1ccc(Br)cc1C(=O)O)c1cccc(S(=O)(=O)N2CCOCC2)c1,4800
C=C(C)[C@@H]1CC[C@]2(C(=O)N[C@H](C)C(=O)[O-])CC[C@]3(C)[C@H](CC[C@@H]4[C@@]5(C)CC[C@H](O)C(C)(C)[C@@H]5CC[C@]43C)[C@@H]12.C[N+](C)(C)CCO,47000
CC(=O)CC(c1ccccc1)c1c(O)c2ccccc2oc1=O,4677.35
C=C(C)[C@@H]1CC[C@]2(C(=O)O)CC[C@]3(C)[C@H](CC[C@@H]4[C@@]5(C)CC[C@H](O)C(C)(C)[C@@H]5CC[C@]43C)[C@@H]12,4500
Nc1ccn([C@H]2CC[C@@H](CO)O2)c(=O)n1,44000
O=c1[nH]cnc2c1ncn2[C@H]1CC[C@@H](CO)O1,44000
Cc1cn([C@H]2C[C@H](N=[N+]=[N-])[C@@H](CO)O2)c(=O)[nH]c1=O,44000
Nc1nc(=O)n([C@@H]2CS[C@H](CO)O2)cc1F,44000
Cc1cn([C@H]2C=C[C@@H](CO)O2)c(=O)[nH]c1=O,44000
Nc1nc(NC2CC2)c2ncn([C@H]3C=C[C@@H](CO)C3)c2n1,44000
Nc1ccn([C@@H]2CS[C@H](CO)O2)c(=O)n1,44000
O=C(Nc1ccc([N+](=O)[O-])cc1C(=O)O)c1cccc(S(=O)(=O)N2CCOCC2)c1,4400
CC(C)NCC(O)COc1cccc2ccccc12,436515.83
CC(C)NCC(O)COc1cccc2ccccc12,436515.83
Cc1cc(C)c(S(=O)(=O)N[C@@H](Cc2ccc(-c3cccc(Nc4c(NC5CC5)c(=O)c4=O)c3)cc2)C(=O)O)c(C)c1,420
O=C(O)c1cccc(F)c1O,41800
O=C(O)c1cccc(F)c1O,41000
C=C(C)[C@@H]1CC[C@]2(C(=O)[O-])CC[C@]3(C)[C@H](CC[C@@H]4[C@@]5(C)CC[C@H](O)C(C)(C)[C@@H]5CC[C@]43C)[C@@H]12.C[N+](C)(C)CCO,4000
C=C(C)[C@@H]1CC[C@]2(C(=O)[O-])CC[C@]3(C)[C@H](CC[C@@H]4[C@@]5(C)CC[C@H](O)C(C)(C)[C@@H]5CC[C@]43C)[C@@H]12.C[N+](C)(C)CCO,3900
Cn1c(/C=C/c2ccc(C#N)cc2C(=O)O)cc2ccccc21,390.03
O=C(O)CCCCCOc1ccc(/C=C/c2cc(O)cc(O)c2)cc1,382
C=C(C)[C@@H]1CC[C@]2(C(=O)N[C@H](C)C(=O)[O-])CC[C@]3(C)[C@H](CC[C@@H]4[C@@]5(C)CC[C@H](O)C(C)(C)[C@@H]5CC[C@]43C)[C@@H]12.C[N+](C)(C)CCO,37000
CC(C)NCC(O)COc1cccc2ccccc12,354813.39
CC(C)c1csc(CCc2ccn3c(=O)c(-c4nnn[nH]4)cnc3c2)n1,327000
CC[C@H](C)[C@H](NC(=O)[C@H](CC(C)C)NC(=O)[C@H](CCCNC(=N)N)N[C@@H](CCCCN)C(=O)NCCCCN=[N+]=[N-])C(=O)N[C@@H](CCC(=O)O)C(=O)N[C@@H](CC(=O)O)C(=O)N[C@H](C(=O)N[C@H]1CSSC[C@@H](C(=O)N[C@@H](CC(C)C)C(=O)N[C@@H](Cc2c[nH]c3ccccc23)C(=O)N[C@@H](CCC(=O)O)C(=O)N[C@@H](CC(=O)O)C(=O)N[C@@H](CC(=O)O)C(=O)O)NC(=O)CNC(=O)[C@H](Cc2c[nH]c3ccccc23)NC(=O)[C@H](CCCNC(=N)N)NC(=O)[C@@H]2CCCN2C(=O)[C@H](CC(C)C)NC1=O)[C@@H](C)CC,321
CNC(C)[C@H]1CCC(NC(=O)OCC2c3ccccc3-c3ccc(S(=O)(=O)O)cc32)[C@@H](O[C@@H]2C(NC(=O)OCC3c4ccccc4-c4ccc(S(=O)(=O)O)cc43)C[C@@H](NC(=O)OCC3c4ccccc4-c4ccc(S(=O)(=O)O)cc43)C(O[C@H]3OC[C@](C)(O)C(NC)[C@@H]3O)[C@@H]2O)O1,32000
C=C[C@H]1CN2CC[C@H]1C[C@H]2[C@H](O)c1ccnc2ccc(OC)cc12,309029.54
CCCCCCCCN(CCC(=O)Nc1ccccc1)CCC(=O)NC1CCCCC1,3000
CC(=N)c1c(O)c(O)c(C(C)C)c2cc(C)c(-c3c(C)cc4c(C(C)C)c(O)c(O)c(C(C)=N)c4c3O)c(O)c12,3000
O=C(O)c1cc(-c2ccc(F)cc2F)ccc1O,3000
CCCCCCCCN(CCC(=O)Nc1ccccc1)CCC(=O)Nc1ccccc1,28000
CC(C)c1csc(/C=C/c2cccc(NC(=O)Cc3ccccc3C(=O)O)c2)n1,280
O=C1C(N2CCCC2)=NN(c2ccc(Cl)cc2)CN1c1ccccc1Cl,2770
N=C(N)NCCCCCCCCNCCCCCCCCNC(=N)NCC1CC1.O=C(O)C(F)(F)F.O=C(O)C(F)(F)F.O=C(O)C(F)(F)F,26520
O=C(O)c1ccc2nc(-c3cc(Cl)cc(Cl)c3)oc2c1,2500
O=C1C(N2CCCC2)=NN(c2ccccc2)CN1c1ccccc1Cl,2460
CN1C(=O)CN=C(c2ccccc2)c2cc(Cl)ccc21,24547.09
O=C(O)Cc1ccccc1Nc1c(Cl)cccc1Cl,2454.71
N=C(N)NCCCCCCCCN(CCCCCCCCNC(=N)NCC1CC1)C(=O)N(CCCCCCCCNC(=N)N)CCCCCCCCNC(=N)NCC1CC1,23270
O=C(O)c1ccc2nc(-c3cc(Cl)cc(Cl)c3)oc2c1,2300
CC(C)(C)c1cc(C(=O)/C(C#N)=N/Nc2cccc(Cl)c2)no1,230
CC(C)c1csc(/C=C/c2ccn3c(=O)c(-c4nnn[nH]4)cnc3c2)n1,22000
CNC(C)[C@H]1CCC(N)[C@@H](O[C@@H]2C(N)C[C@@H](NC(=O)OCC3c4ccccc4-c4ccc(S(=O)(=O)O)cc43)C(O[C@H]3OC[C@](C)(O)C(NC)[C@@H]3O)[C@@H]2O)O1,20000
CC(=O)CC(c1ccccc1)c1c(O)c2ccccc2oc1=O,2000
N#Cc1ccc(NC(=O)c2ccc(S(=O)(=O)N3CCOCC3)cc2)c(C(=O)O)c1,2000
C=C(C)[C@@H]1CC[C@]2(C(=O)N[C@H](C)C(=O)[O-])CC[C@]3(C)[C@H](CC[C@@H]4[C@@]5(C)CC[C@H](O)C(C)(C)[C@@H]5CC[C@]43C)[C@@H]12.CCCCCCCCCCCC[N+](C)(C)Cc1ccccc1,19000
C=C(C)[C@@H]1CC[C@]2(C(=O)N[C@H](C)C(=O)[O-])CC[C@]3(C)[C@H](CC[C@@H]4[C@@]5(C)CC[C@H](O)C(C)(C)[C@@H]5CC[C@]43C)[C@@H]12.CCCCCCCCCCCC[N+](C)(C)Cc1ccccc1,19000
C=C(C)[C@@H]1CC[C@]2(C(=O)[O-])CC[C@]3(C)[C@H](CC[C@@H]4[C@@]5(C)CC[C@H](O)C(C)(C)[C@@H]5CC[C@]43C)[C@@H]12.CCCCCCCCCCCC[N+](C)(C)Cc1ccccc1,1900
CC(=O)c1cccc(N(CCO)c2nc(-c3sc(NC(=O)C(C)(C)C)nc3C)cs2)c1,18490
CNC(C)[C@H]1CCC(NC(=O)OCC2c3ccccc3-c3ccc(S(=O)(=O)O)cc32)[C@@H](O[C@@H]2C(NC(=O)OCC3c4ccccc4-c4ccc(S(=O)(=O)O)cc43)C[C@@H](NC(=O)OCC3c4ccccc4-c4ccc(S(=O)(=O)O)cc43)C(O[C@H]3OC[C@](C)(O)C(NC)[C@@H]3O)[C@@H]2O)O1,17200
C=C(C)[C@@H]1CC[C@]2(C(=O)[O-])CC[C@]3(C)[C@H](CC[C@@H]4[C@@]5(C)CC[C@H](O)C(C)(C)[C@@H]5CC[C@]43C)[C@@H]12.CCCCCCCCCCCC[N+](C)(C)Cc1ccccc1,1600
Cc1cc2c(C(C)C)c(O)c(O)c(C(=O)O)c2cc1-c1cc2c(C(=O)O)c(O)c(O)c(C(C)C)c2cc1C,1500
O=C(O)Cc1ccccc1S(=O)(=O)c1ccc(-c2ccc(OCCF)cc2)cc1,140000
N#Cc1ccc(NC(=O)c2ccc(S(=O)(=O)N3CCOCC3)cc2)c(C(=O)O)c1,14000
CN(C)CC[C@H](CSc1ccccc1)Nc1ccc(S(=O)(=O)NC(=O)c2ccc(N3CCC(C)(C)CC3)cc2)cc1[N+](=O)[O-],13600
CS(=O)(=O)c1ccc(C(=O)Nc2ccc(Cl)c(-c3ccccn3)c2)c(Cl)c1,130000
C=C(C)[C@@H]1CC[C@]2(C(=O)O)CC[C@]3(C)[C@H](CC[C@@H]4[C@@]5(C)CC[C@H](O)C(C)(C)[C@@H]5CC[C@]43C)[C@@H]12,1300
O=C(O)c1cc(-c2ccc(F)cc2F)ccc1O,1230.27
CS(=O)(=O)c1ccc(C(=O)Nc2ccc(Cl)c(-c3ccccn3)c2)c(Cl)c1,120000
CCC[C@@H]1C[C@@H](C(=O)N[C@H]([C@@H](C)O)[C@H]2O[C@H](SC)[C@H](O)[C@@H](O)[C@H]2O)N(C)C1,12000
CO/N=C(\C(=O)N[C@@H]1C(=O)N2C(C(=O)O)=C(COC(C)=O)CS[C@H]12)c1csc(N)n1,12000
CO[C@@H]1[C@@H](OC(N)=O)[C@@H](O)[C@H](Oc2ccc3c(O)c(NC(=O)c4ccc(O)c(CC=C(C)C)c4)c(=O)oc3c2C)OC1(C)C,12000
CC[C@H]1OC(=O)[C@H](C)[C@@H](O[C@H]2C[C@@](C)(OC)[C@@H](O)[C@H](C)O2)[C@H](C)[C@@H](O[C@@H]2O[C@H](C)C[C@H](N(C)C)[C@H]2O)[C@](C)(O)C[C@@H](C)C(=O)[C@H](C)[C@@H](O)[C@]1(C)O,12000
CO[C@H]1/C=C/O[C@@]2(C)Oc3c(C)c(O)c4c(O)c(c(/C=N/N5CCN(C)CC5)c(O)c4c3C2=O)NC(=O)/C(C)=C\C=C\[C@H](C)[C@H](O)[C@@H](C)[C@@H](O)[C@@H](C)[C@H](OC(C)=O)[C@@H]1C,12000
CC1COc2c(N3CCN(C)CC3)c(F)cc3c(=O)c(C(=O)O)cn1c23,12000
CN[C@H](CC(C)C)C(=O)N[C@H]1C(=O)N[C@@H](CC(N)=O)C(=O)N[C@H]2C(=O)N[C@H]3C(=O)N[C@H](C(=O)N[C@H](C(=O)O)c4cc(O)cc(O)c4-c4cc3ccc4O)[C@H](O)c3ccc(c(Cl)c3)Oc3cc2cc(c3O[C@@H]2O[C@H](CO)[C@@H](O)[C@H](O)[C@H]2O[C@H]2C[C@](C)(N)[C@H](O)[C@H](C)O2)Oc2ccc(cc2Cl)[C@H]1O,12000
CC(=O)O[C@H]1C[C@@]2(C)[C@@H](C[C@@H](O)[C@H]3[C@@]4(C)CC[C@@H](O)[C@@H](C)[C@@H]4CC[C@@]32C)/C1=C(\CCC=C(C)C)C(=O)O,12000
CN(C)c1ccc(O)c2c1C[C@H]1C[C@H]3[C@H](N(C)C)C(O)=C(C(N)=O)C(=O)[C@@]3(O)C(O)=C1C2=O,12000
CC(=O)CC(c1ccccc1)c1c(O)c2ccccc2oc1=O,12000
Cc1cc2c(C(C)C)c(O)c(O)c(C=O)c2cc1-c1cc2c(C=O)c(O)c(O)c(C(C)C)c2cc1C,1200
COc1ccc(Cl)cc1Nc1nc(-c2sc(NC(=O)c3ccccc3)nc2C)cs1,11680
CN(C)C1=NN(c2ccc(Cl)cc2)CN(c2ccccc2Cl)C1=O,10210
COc1ccc2oc(-c3csc4ccccc34)c(O)c(=O)c2c1,10000
O=C(O)Cc1ccccc1S(=O)(=O)c1ccc(-c2ccc(NC(=O)CF)cc2)cc1,10000
O=C(O)COCCN1CCN(C(c2ccccc2)c2ccc(Cl)cc2)CC1,184501845
O=c1c2ccccc2nc2n1CCc1c-2[nH]c2ccccc12,1000000
Cc1cn(C[C@H]2C[C@H](N=[N+]=[N-])[C@@H](COC(=O)C(=O)N3CCC[C@H]3C(=O)O)O2)c(=O)[nH]c1=O,1058649.164
Cc1cn(C[C@H]2C[C@H](N=[N+]=[N-])[C@@H](COC(=O)C(=O)N[C@H](C(=O)O)C(C)C)O2)c(=O)[nH]c1=O,1058649.164
Cc1cn(C[C@H]2C[C@H](N=[N+]=[N-])[C@@H](COC(=O)C(=O)N[C@@H](Cc3ccc(O)cc3)C(=O)O)O2)c(=O)[nH]c1=O,1122460.433
Cc1cn(C[C@H]2C[C@H](N=[N+]=[N-])[C@@H](COC(=O)C(=O)O)O2)c(=O)[nH]c1=O,1231982.259
Cc1cn(C[C@H]2C[C@H](N=[N+]=[N-])[C@@H](COC(=O)C(=O)N[C@@H](Cc3ccc(O)cc3)C(=O)O)O2)c(=O)[nH]c1=O,1231982.259
Cc1cn(C[C@H]2C[C@H](N=[N+]=[N-])[C@@H](COC(=O)C(=O)N3CCC[C@H]3C(=O)O)O2)c(=O)[nH]c1=O,1231982.259
Cc1cn(C[C@H]2C[C@H](N=[N+]=[N-])[C@@H](COC(=O)C(=O)N[C@@H](Cc3ccccc3)C(=O)O)O2)c(=O)[nH]c1=O,1395283.94
Cc1cn(C[C@H]2C[C@H](N=[N+]=[N-])[C@@H](COC(=O)C(=O)N[C@@H](CC(C)C)C(=O)O)O2)c(=O)[nH]c1=O,1463700.234
Cc1cn(C[C@H]2C[C@H](N=[N+]=[N-])[C@@H](COC(=O)C(=O)O)O2)c(=O)[nH]c1=O,161256.5107
Cc1cn(C[C@H]2C[C@H](N=[N+]=[N-])[C@@H](COC(=O)C(=O)O)O2)c(=O)[nH]c1=O,1654259.719
CC[C@H](C)[C@H](NC(=O)C(=O)OC[C@H]1O[C@@H](Cn2cc(C)c(=O)[nH]c2=O)C[C@@H]1N=[N+]=[N-])C(=O)O,1738525.73
Cc1cn(C[C@H]2C[C@H](N=[N+]=[N-])[C@@H](COC(=O)C(=O)N[C@@H](CC(C)C)C(=O)O)O2)c(=O)[nH]c1=O,2227171.492
Cc1cn(C[C@H]2C[C@H](N=[N+]=[N-])[C@@H](COC(=O)C(=O)N[C@@H](Cc3ccccc3)C(=O)O)O2)c(=O)[nH]c1=O,2290426.019
CC[C@H](C)[C@H](NC(=O)C(=O)OC[C@H]1O[C@@H](Cn2cc(C)c(=O)[nH]c2=O)C[C@@H]1N=[N+]=[N-])C(=O)O,2517623.364
CC[C@H](C)[C@H](NC(=O)C(=O)OC[C@H]1O[C@@H](Cn2cc(C)c(=O)[nH]c2=O)C[C@@H]1N=[N+]=[N-])C(=O)O,265576.0344
Cc1cn(C[C@H]2C[C@H](N=[N+]=[N-])[C@@H](COC(=O)c3ccncc3)O2)c(=O)[nH]c1=O,305129.2222
Cc1cn(C[C@H]2C[C@H](N=[N+]=[N-])[C@@H](COC(=O)C(=O)N[C@@H](CC(C)C)C(=O)O)O2)c(=O)[nH]c1=O,407000.407
Cc1cn(C[C@H]2C[C@H](N=[N+]=[N-])[C@@H](COC(=O)C(=O)N[C@@H](Cc3c[nH]c4ccccc34)C(=O)O)O2)c(=O)[nH]c1=O,460383.9602
Cc1cn(C[C@H]2C[C@H](N=[N+]=[N-])[C@@H](COC(=O)C(=O)N[C@@H](Cc3c[nH]c4ccccc34)C(=O)O)O2)c(=O)[nH]c1=O,554569.6539
Cc1cn(C[C@H]2C[C@H](N=[N+]=[N-])[C@@H](CO)O2)c(=O)[nH]c1=O,558440.8332
Cc1cn(C[C@H]2C[C@H](N=[N+]=[N-])[C@@H](COC(=O)c3ccncc3)O2)c(=O)[nH]c1=O,584863.7268
Cc1cn(C[C@H]2C[C@H](N=[N+]=[N-])[C@@H](COC(=O)C(=O)N[C@H](C(=O)O)C(C)C)O2)c(=O)[nH]c1=O,651465.798
Cc1cn(C[C@H]2C[C@H](N=[N+]=[N-])[C@@H](COC(=O)C(=O)N[C@@H](Cc3c[nH]c4ccccc34)C(=O)O)O2)c(=O)[nH]c1=O,657981.3133
Cc1cn(C[C@H]2C[C@H](N=[N+]=[N-])[C@@H](COC(=O)C(=O)N3CCC[C@H]3C(=O)O)O2)c(=O)[nH]c1=O,745212.0128
Cc1cn(C[C@H]2C[C@H](N=[N+]=[N-])[C@@H](COC(=O)C(=O)N[C@H](C(=O)O)C(C)C)O2)c(=O)[nH]c1=O,761846.7164
Cc1cn(C[C@H]2C[C@H](N=[N+]=[N-])[C@@H](CO)O2)c(=O)[nH]c1=O,7722007.722
Cc1cn(C[C@H]2C[C@H](N=[N+]=[N-])[C@@H](COC(=O)C(=O)N[C@@H](Cc3ccc(O)cc3)C(=O)O)O2)c(=O)[nH]c1=O,816726.5599
Cc1cn(C[C@H]2C[C@H](N=[N+]=[N-])[C@@H](COC(=O)C(=O)N[C@@H](Cc3ccccc3)C(=O)O)O2)c(=O)[nH]c1=O,851498.6376
Cc1cn(C[C@H]2C[C@H](N=[N+]=[N-])[C@@H](CO)O2)c(=O)[nH]c1=O,957029.3808
O=C(O)CCCCCOc1ccc(/C=C/c2cc(O)cc(O)c2)cc1,320.51
O=C1C(O)=C([C@H]2CC[C@H](c3ccc(Cl)cc3)CC2)C(=O)c2ccccc21,500
O=C(O)/C(O)=C/C(=O)c1cc(C2CCCCC2)ccc1C1CCCCC1,943.4
O=C(O)/C(O)=C/C(=O)c1cc(C2CCCCC2)ccc1C1CCCCC1,980.39
O=C(O)/C(O)=C/C(=O)c1cc(C2CCCCC2)ccc1C1CCCCC1,1052.63
O=C(O)Cc1ccccc1Nc1c(Cl)cccc1Cl,10000
C=C(C)[C@@H]1CC[C@]2(C(=O)O)CC[C@]3(C)[C@H](CC[C@@H]4[C@@]5(C)CC[C@H](O)C(C)(C)[C@@H]5CC[C@]43C)[C@@H]12,0.59
CCn1cc(-c2csc(N)n2)c(=O)c2cc(N3CCCC3)c(Cl)cc21,6802.72
CCn1cc(-c2csc(N)n2)c(=O)c2cc(N3CCCC3)c(Cl)cc21,7194.24
CCn1cc(-c2csc(N)n2)c(=O)c2cc(N3CCCC3)c(Cl)cc21,7299.27
Cc1cc2c(C(C)C)c(O)c(O)c(C=O)c2c(O)c1-c1c(C)cc2c(C(C)C)c(O)c(O)c(C=O)c2c1O,4.18
Cc1cc2c(c(O)c1-c1c(C)cc3c(c1O)/C(=C/N[C@H](C(=O)[O-])C(C)C)C(=O)C(O)=C3C(C)C)/C(=C/N[C@H](C(=O)[O-])C(C)C)C(=O)C(O)=C2C(C)C.[Na+].[Na+],4.73
Cc1cc2c(c(O)c1-c1c(C)cc3c(c1O)/C(=C/NC(C)(C)C(=O)[O-])C(=O)C(O)=C3C(C)C)/C(=C/NC(C)(C)C(=O)[O-])C(=O)C(O)=C2C(C)C.[Na+].[Na+],5.23
Cc1cc2c(C(C)C)c(O)c(O)c(/C=N/[C@@H](Cc3ccccc3)C(=O)[O-])c2c(O)c1-c1c(C)cc2c(C(C)C)c(O)c(O)c(/C=N/[C@@H](Cc3ccccc3)C(=O)[O-])c2c1O.[Na+].[Na+],7.79
Cc1cc2c(c(O)c1-c1c(C)cc3c(c1O)/C(=C/N[C@@H](C)C(=O)[O-])C(=O)C(O)=C3C(C)C)/C(=C/N[C@@H](C)C(=O)[O-])C(=O)C(O)=C2C(C)C.[Na+].[Na+],9.62
O=C(O)CCCCCOc1ccc(/C=C/c2cc(O)cc(O)c2)cc1,149.25
O=C(O)CCCCCOc1ccc(/C=C/c2cc(O)cc(O)c2)cc1,320.51
COC(=O)CCCCCOc1ccc(/C=C/c2cc(O)cc(O)c2)cc1,3278.69
O=C(O)CCCCCOc1ccc(/C=C/c2cc(O)cc(O)c2)cc1,381.68
O=C(O)COc1ccc(/C=C/c2cc(O)cc(O)c2)cc1,3389.83
Oc1ccc(/C=C/c2cc(O)cc(O)c2)cc1,6097.56
CCOC(=O)COc1ccc(/C=C/c2cc(O)cc(O)c2)cc1,8771.93
O=C(O)Cc1ccccc1Nc1c(Cl)cccc1Cl,131578.95
O=C(O)Cc1ccccc1Nc1c(Cl)cccc1Cl,333333.33
OC(Cn1cncn1)(Cn1cncn1)c1ccc(F)cc1F,13927.58
OC(Cn1cncn1)(Cn1cncn1)c1ccc(F)cc1F,14285.71
Cc1ccc(-c2cc(-c3nc4ccccc4[nH]3)nc(N)n2)cc1,14367.82
OC(Cn1cncn1)(Cn1cncn1)c1ccc(F)cc1F,15455.95
OC(Cn1cncn1)(Cn1cncn1)c1ccc(F)cc1F,15455.95
OC(Cn1cncn1)(Cn1cncn1)c1ccc(F)cc1F,16077.17
OC(Cn1cncn1)(Cn1cncn1)c1ccc(F)cc1F,16077.17
OC(Cn1cncn1)(Cn1cncn1)c1ccc(F)cc1F,16155.09
OC(Cn1cncn1)(Cn1cncn1)c1ccc(F)cc1F,16339.87
Cc1ccc(-c2cc(-c3nc4ccccc4[nH]3)nc(N)n2)cc1,16556.29
OC(Cn1cncn1)(Cn1cncn1)c1ccc(Cl)cc1Cl,16583.75
OC(Cn1cncn1)(Cn1cncn1)c1ccc(F)cc1F,17064.85
OC(Cn1cncn1)(Cn1cncn1)c1ccc(Cl)cc1Cl,17361.11
OC(Cn1cncn1)(Cn1cncn1)c1ccc(F)cc1F,17699.12
OC(Cn1cncn1)(Cn1cncn1)c1ccc(F)cc1F,17793.59
OC(Cn1cncn1)(Cn1cncn1)c1ccc(F)cc1F,17857.14
OC(Cn1cncn1)(Cn1cncn1)c1ccc(F)cc1F,18018.02
COc1ccc2cc3[n+](cc2c1OCCN(CCn1cncc1[N+](=O)[O-])Cc1ccc(F)cc1F)CCc1cc2c(cc1-3)OCO2.[Cl-],18214.94
CC(=O)Nc1ccc(S(=O)(=O)Cc2nc3ccccc3n2Cc2ccc(F)cc2)cc1,18416.21
OC(Cn1cncn1)(Cn1cncn1)c1ccc(Cl)cc1Cl,19569.47
O=C(/C(=C/c1ccccc1)n1cncn1)c1ccc(F)cc1N1CCCCC1,20746.89
OC(Cn1cncn1)(Cn1cncn1)c1ccc(F)cc1F,20833.33
O=C(/C(=C/c1ccccc1)n1cncn1)c1ccc(F)cc1N1CCCCC1,22026.43
O=C(/C(=C/c1ccccc1)n1cncn1)c1ccc(F)cc1N1CCCCC1,23866.35
COc1ccc2cc3[n+](cc2c1OCCN(CCn1cncn1)Cc1ccc(F)cc1F)CCc1cc2c(cc1-3)OCO2.[Cl-],24813.9
O=C(/C(=C/c1ccccc1)n1cncn1)c1ccc(F)cc1N1CCCCC1,25706.94
COc1ccc2cc3[n+](cc2c1OCCN(CCn1cncc1[N+](=O)[O-])Cc1ccc(F)cc1F)CCc1cc2c(cc1-3)OCO2.[Cl-],26455.03
COc1ccc2cc3[n+](cc2c1OCCN(CCn1cncn1)Cc1ccc(F)cc1F)CCc1cc2c(cc1-3)OCO2.[Cl-],26737.97
CC(=O)Nc1ccc(S(=O)(=O)Cc2nc3ccccc3n2Cc2ccc(F)cc2)cc1,27100.27
O=C(/C(=C/c1ccccc1)n1cncn1)c1ccc(F)cc1N1CCCCC1,27472.53
O=C(/C(=C/c1ccccc1)n1cncn1)c1ccc(F)cc1N1CCCCC1,27472.53
CC(=O)Nc1ccc(S(=O)(=O)Cc2nc3ccccc3n2Cc2ccc(F)cc2)cc1,27932.96
COc1ccc2cc3[n+](cc2c1OCCN(CCn1cncn1)Cc1ccc(F)cc1F)CCc1cc2c(cc1-3)OCO2.[Cl-],28490.03
O=C(/C(=C/c1ccccc1)n1cncn1)c1ccc(F)cc1N1CCCCC1,28653.3
O=C(/C(=C/c1ccccc1)n1cncn1)c1ccc(F)cc1N1CCCCC1,29940.12
O=C(/C(=C/c1ccccc1)n1cncn1)c1ccc(F)cc1N1CCCCC1,30959.75
COc1ccc2cc3[n+](cc2c1OCCN(CCn1cncc1[N+](=O)[O-])Cc1ccc(F)cc1F)CCc1cc2c(cc1-3)OCO2.[Cl-],32467.53
O=C(/C(=C/c1ccccc1)n1cncn1)c1ccc(F)cc1N1CCCCC1,32894.74
O=C(/C(=C/c1ccccc1)n1cncn1)c1ccc(F)cc1N1CCCCC1,33557.05
O=C(/C(=C/c1ccccc1)n1cncn1)c1ccc(F)cc1N1CCCCC1,33898.31
CCOc1ccc2c(c1)sc1nc(-c3ccccc3)c(COCc3cn(Cc4ccc(Cl)c(Cl)c4)nn3)n12,38022.81
CCOc1ccc2c(c1)sc1nc(-c3ccccc3)c(COCc3cn(Cc4ccc(Cl)c(Cl)c4)nn3)n12,38910.51
Cc1ccc(-c2cc(-c3nc4ccccc4[nH]3)nc(N)n2)cc1,9407.34
CCOc1ccc2c(c1)sc1nc(-c3ccccc3)c(COCc3cn(Cc4ccc(Cl)c(Cl)c4)nn3)n12,51546.39
CC(=O)Nc1ccc(S(=O)(=O)Cc2nc3ccccc3n2Cc2ccc(Cl)cc2Cl)cc1,90090.09
CC(=O)Nc1ccc(S(=O)(=O)Cc2nc3ccccc3n2Cc2ccc(Cl)cc2Cl)cc1,92592.59
CC(=O)Nc1ccc(S(=O)(=O)Cc2nc3ccccc3n2Cc2ccc(Cl)cc2Cl)cc1,94339.62
Cc1cc2c(c(O)c1-c1c(C)cc3c(c1O)/C(=C/NCCCCCC(=O)[O-])C(=O)C(O)=C3C(C)C)/C(=C/NCCCCCC(=O)[O-])C(=O)C(O)=C2C(C)C.[Na+].[Na+],31055.9
Cc1cc2c(c(O)c1-c1c(C)cc3c(c1O)/C(=C/N[C@@H](Cc1c[nH]c4ccccc14)C(=O)[O-])C(=O)C(O)=C3C(C)C)/C(=C/N[C@@H](Cc1c[nH]c3ccccc13)C(=O)[O-])C(=O)C(O)=C2C(C)C.[Na+].[Na+],10.78
Cc1cc2c(c(O)c1-c1c(C)cc3c(c1O)/C(=C/N[C@@H](Cc1ccc(O)cc1)C(=O)[O-])C(=O)C(O)=C3C(C)C)/C(=C/N[C@@H](Cc1ccc(O)cc1)C(=O)[O-])C(=O)C(O)=C2C(C)C.[Na+].[Na+],13.27
Cc1cc2c(c(O)c1-c1c(C)cc3c(c1O)/C(=C/N[C@@H](Cc1c[nH]cn1)C(=O)[O-])C(=O)C(O)=C3C(C)C)/C(=C/N[C@@H](Cc1c[nH]cn1)C(=O)[O-])C(=O)C(O)=C2C(C)C.[Na+].[Na+],14.88
Cc1cc2c(c(O)c1-c1c(C)cc3c(c1O)/C(=C/N[C@@H](CO)C(=O)[O-])C(=O)C(O)=C3C(C)C)/C(=C/N[C@@H](CO)C(=O)[O-])C(=O)C(O)=C2C(C)C.[Na+].[Na+],17.31
CC[C@H](C)[C@H](N/C=C1\C(=O)C(O)=C(C(C)C)c2cc(C)c(-c3c(C)cc4c(c3O)/C(=C/N[C@H](C(=O)[O-])[C@@H](C)CC)C(=O)C(O)=C4C(C)C)c(O)c21)C(=O)[O-].[Na+].[Na+],18.79
COC(=O)C(N/C=C1\C(=O)C(O)=C(C(C)C)c2cc(C)c(-c3c(C)cc4c(c3O)/C(=C/NC(C(=O)OC)c3ccccc3)C(=O)C(O)=C4C(C)C)c(O)c21)c1ccccc1,23.44
Cc1cc2c(c(O)c1-c1c(C)cc3c(c1O)/C(=C/NCCCCCCCC(=O)[O-])C(=O)C(O)=C3C(C)C)/C(=C/NCCCCCCCC(=O)[O-])C(=O)C(O)=C2C(C)C.[Na+].[Na+],34.93
Cc1cc2c(c(O)c1-c1c(C)cc3c(c1O)/C(=C/NCCCCC(=O)[O-])C(=O)C(O)=C3C(C)C)/C(=C/NCCCCC(=O)[O-])C(=O)C(O)=C2C(C)C.[Na+].[Na+],41.17
Cc1cc2c(c(O)c1-c1c(C)cc3c(c1O)/C(=C/NC(C(=O)[O-])c1ccc(O)cc1)C(=O)C(O)=C3C(C)C)/C(=C/NC(C(=O)[O-])c1ccc(O)cc1)C(=O)C(O)=C2C(C)C.[Na+].[Na+],46.27
Cc1cc2c(c(O)c1-c1c(C)cc3c(c1O)/C(=C/NCCS(=O)(=O)[O-])C(=O)C(O)=C3C(C)C)/C(=C/NCCS(=O)(=O)[O-])C(=O)C(O)=C2C(C)C.[Na+].[Na+],56.95
Cc1cc2c(c(O)c1-c1c(C)cc3c(c1O)/C(=C/N[C@H](C(=O)[O-])c1ccccc1)C(=O)C(O)=C3C(C)C)/C(=C/N[C@H](C(=O)[O-])c1ccccc1)C(=O)C(O)=C2C(C)C.[Na+].[Na+],71.38
Cc1cc2c(c(O)c1-c1c(C)cc3c(c1O)/C(=C/N[C@@H](CC(C)C)C(=O)[O-])C(=O)C(O)=C3C(C)C)/C(=C/N[C@@H](CC(C)C)C(=O)[O-])C(=O)C(O)=C2C(C)C.[Na+].[Na+],74.18
Cc1cc2c(c(O)c1-c1c(C)cc3c(c1O)/C(=C/NC(C(=O)[O-])c1ccc(Cl)cc1)C(=O)C(O)=C3C(C)C)/C(=C/NC(C(=O)[O-])c1ccc(Cl)cc1)C(=O)C(O)=C2C(C)C.[Na+].[Na+],77.7
Cc1cc2c(c(O)c1-c1c(C)cc3c(c1O)/C(=C/NCC(=O)[O-])C(=O)C(O)=C3C(C)C)/C(=C/NCC(=O)[O-])C(=O)C(O)=C2C(C)C.[Na+].[Na+],80.26
COC(=O)[C@H](C)N/C=C1\C(=O)C(O)=C(C(C)C)c2cc(C)c(-c3c(C)cc4c(c3O)/C(=C/N[C@@H](C)C(=O)OC)C(=O)C(O)=C4C(C)C)c(O)c21,96.06
CCN(CC)Cc1cc(Nc2ccnc3cc(Cl)ccc23)ccc1O.Cl,11918.95
CCN(CC)Cc1cc(Nc2ccnc3cc(Cl)ccc23)ccc1O.Cl,13679.89
CCN(CC)Cc1cc(Nc2ccnc3cc(Cl)ccc23)ccc1O.Cl,21786.49
CCN(CC)Cc1cc(Nc2ccnc3cc(Cl)ccc23)ccc1O.Cl,7246.38
CCN(CC)Cc1cc(Nc2ccnc3cc(Cl)ccc23)ccc1O.Cl,8802.82
Cc1nc2ccccc2c(C(=O)OC2CC(C)(C)N(O)C(C)(C)C2)c1O,11111.11
O=C1C(O)=C([C@H]2CC[C@H](c3ccc(Cl)cc3)CC2)C(=O)c2ccccc21,13986.01
CC1(C)CC(OC(=O)c2cc3cc4c5c(c3oc2=O)CCCN5CCC4)CC(C)(C)N1O,20000
CC1(C)CC(OC(=O)c2cc3cc4c5c(c3oc2=O)CCCN5CCC4)CC(C)(C)N1O,20833.33
COc1ccc(Cn2cc(C(=O)N/N=C3/C(=O)Nc4c(C)cccc43)nn2)cc1,78740.16
Cc1cc2c(c(O)c1-c1c(C)cc3c(c1O)/C(=C/N[C@@H](CS)C(=O)[O-])C(=O)C(O)=C3C(C)C)/C(=C/N[C@@H](CS)C(=O)[O-])C(=O)C(O)=C2C(C)C.[Na+].[Na+],121.92
COC(=O)[C@H](CC(C)C)N/C=C1\C(=O)C(O)=C(C(C)C)c2cc(C)c(-c3c(C)cc4c(c3O)/C(=C/N[C@@H](CC(C)C)C(=O)OC)C(=O)C(O)=C4C(C)C)c(O)c21,140.37
COC(=O)[C@H](Cc1c[nH]c2ccccc12)N/C=C1\C(=O)C(O)=C(C(C)C)c2cc(C)c(-c3c(C)cc4c(c3O)/C(=C/N[C@@H](Cc3c[nH]c5ccccc35)C(=O)OC)C(=O)C(O)=C4C(C)C)c(O)c21,442.09
CCOC(=O)CN/C=C1\C(=O)C(O)=C(C(C)C)c2cc(C)c(-c3c(C)cc4c(c3O)/C(=C/NCC(=O)OCC)C(=O)C(O)=C4C(C)C)c(O)c21,5254.86
COc1cc(C)c2c(Oc3cccc(C(F)(F)F)c3)c(OC)cc(NC(C)CCCN)c2n1,3333.33
COc1cc(C)c2c(Oc3cccc(C(F)(F)F)c3)c(OC)cc(NC(C)CCCN)c2n1,3333.33
CN1C(=O)CN=C(c2ccccc2)c2cc(Cl)ccc21,5555.56
COc1cc(C)c2c(Oc3cccc(C(F)(F)F)c3)c(OC)cc(NC(C)CCCN)c2n1,41666.67
CCN(CC)Cc1cc(Nc2ccnc3cc(Cl)ccc23)ccc1O.Cl,161290.32
CC(=O)O[C@@H]1N=C(c2ccccc2)c2cc(Cl)ccc2NC1=O,12500
OC(c1cc(C(F)(F)F)nc2c(C(F)(F)F)cccc12)C1CCCCN1,12500
CC(=O)O[C@@H]1N=C(c2ccccc2Cl)c2cc(Cl)ccc2NC1=O,25000
CC(=O)O[C@H]1N=C(c2ccccc2Cl)c2cc(Cl)ccc2NC1=O,50000
CCN(CC)Cc1cc(Nc2ccnc3cc(Cl)ccc23)ccc1O.Cl,50000
CC(=O)O[C@H]1N=C(c2ccccc2)c2cc(Cl)ccc2NC1=O,100000
CCN(CC)CCCC(C)Nc1c2ccc(Cl)cc2nc2ccc(OC)cc12,142857.14
COc1cc(NC(C)CCCN)c2ncccc2c1,142857.14
CCN(CC)CCCC(C)Nc1ccnc2cc(Cl)ccc12,500000000
CCCCC/C=C\C[C@@H](O)/C=C/C=C/C=C\[C@@H](O)CCCC(=O)O,14.93
